Rank,Year,NA_Sales,EU_Sales,JP_Sales,Other_Sales,Global_Sales
16598.0,16598.0,16598.0,16598.0,16598.0,16598.0,16598.0
8300.605253645017,1973.6473069044464,0.26466742981084057,0.1466520062658483,0.07778166044101108,0.048063019640913515,0.53744065550074
4791.853932896403,254.34680884691636,0.8166830292990428,0.5053512312869366,0.30929064808213236,0.18858840291278392,1.5550279355699022
1.0,0.0,0.0,0.0,0.0,0.0,0.01
4151.25,2003.0,0.0,0.0,0.0,0.0,0.06
8300.5,2007.0,0.08,0.02,0.0,0.01,0.17
12449.75,2010.0,0.24,0.11,0.04,0.04,0.47
16600.0,2020.0,41.49,29.02,10.22,10.57,82.74
